PROD_CODE;PROD_ID
PRD0900725;0
PRD0901527;1
PRD0901977;2
PRD0902163;3
PRD0902394;4
PRD0902411;5
PRD0903336;6
PRD0903389;7
PRD0903395;8
PRD0901369;9
PRD0902129;10
PRD0901168;11
PRD0902479;12
PRD0903788;13
PRD0903819;14
PRD0904184;15
PRD0900280;16
PRD0901441;17
PRD0903199;18
PRD0904358;19
PRD0904780;20
PRD0904888;21
PRD0900454;22
PRD0900700;23
PRD0902405;24
PRD0903127;25
PRD0903463;26
PRD0904363;27
PRD0900384;28
PRD0900400;29
PRD0900830;30
PRD0901133;31
PRD0901194;32
PRD0901860;33
PRD0901965;34
PRD0902008;35
PRD0902265;36
PRD0902767;37
PRD0902801;38
PRD0902969;39
PRD0902970;40
PRD0903523;41
PRD0903925;42
PRD0903940;43
PRD0903993;44
PRD0904434;45
PRD0904511;46
PRD0904615;47
PRD0903639;48
PRD0901499;49
PRD0903270;50
PRD0904663;51
PRD0904917;52
PRD0902817;53
PRD0900218;54
PRD0902968;55
PRD0903229;56
PRD0903787;57
PRD0904469;58
PRD0904945;59
PRD0901348;60
PRD0903678;61
PRD0901802;62
PRD0903988;63
PRD0904857;64
PRD0904881;65
PRD0901338;66
PRD0904248;67
PRD0900254;68
PRD0901007;69
PRD0902118;70
PRD0901506;71
PRD0901219;72
PRD0901809;73
PRD0903211;74
PRD0904441;75
PRD0904444;76
PRD0900162;77
PRD0903437;78
PRD0904366;79
PRD0903703;80
PRD0904797;81
PRD0900173;82
PRD0901003;83
PRD0900332;84
PRD0902140;85
PRD0900296;86
PRD0900302;87
PRD0900407;88
PRD0902069;89
PRD0902540;90
PRD0903053;91
PRD0903093;92
PRD0903214;93
PRD0904679;94
PRD0904878;95
PRD0900745;96
PRD0900465;97
PRD0900907;98
PRD0904209;99
PRD0900034;100
PRD0900078;101
PRD0900713;102
PRD0900761;103
PRD0900997;104
PRD0901837;105
PRD0902099;106
PRD0902603;107
PRD0902852;108
PRD0903007;109
PRD0903078;110
PRD0903228;111
PRD0903560;112
PRD0903835;113
PRD0904391;114
PRD0900168;115
PRD0901228;116
PRD0902840;117
PRD0903750;118
PRD0901877;119
PRD0900027;120
PRD0900463;121
PRD0900676;122
PRD0900899;123
PRD0901083;124
PRD0901265;125
PRD0901584;126
PRD0902019;127
PRD0902365;128
PRD0902390;129
PRD0902408;130
PRD0902897;131
PRD0902907;132
PRD0903052;133
PRD0903529;134
PRD0904092;135
PRD0904340;136
PRD0901070;137
PRD0901316;138
PRD0901699;139
PRD0901983;140
PRD0903571;141
PRD0903612;142
PRD0904371;143
PRD0904418;144
PRD0904817;145
PRD0902679;146
PRD0903487;147
PRD0900265;148
PRD0900838;149
PRD0901152;150
PRD0901255;151
PRD0902347;152
PRD0903184;153
PRD0904183;154
PRD0900493;155
PRD0900121;156
PRD0900202;157
PRD0903588;158
PRD0903776;159
PRD0903253;160
PRD0902453;161
PRD0902671;162
PRD0900009;163
PRD0900200;164
PRD0900324;165
PRD0900380;166
PRD0900395;167
PRD0900398;168
PRD0900649;169
PRD0901088;170
PRD0901561;171
PRD0902170;172
PRD0902292;173
PRD0902472;174
PRD0902887;175
PRD0903136;176
PRD0903460;177
PRD0903620;178
PRD0904250;179
PRD0904273;180
PRD0904332;181
PRD0904976;182
PRD0900052;183
PRD0904029;184
PRD0901901;185
PRD0902507;186
PRD0900109;187
PRD0904140;188
PRD0902352;189
PRD0904162;190
PRD0902277;191
PRD0902913;192
PRD0904832;193
PRD0904916;194
PRD0900247;195
PRD0903429;196
PRD0900382;197
PRD0904374;198
PRD0902200;199
PRD0900734;200
PRD0903667;201
PRD0901426;202
PRD0901060;203
PRD0903846;204
PRD0900201;205
PRD0901500;206
PRD0901672;207
PRD0901916;208
PRD0902257;209
PRD0902653;210
PRD0903074;211
PRD0903265;212
PRD0903526;213
PRD0904806;214
PRD0904038;215
PRD0904652;216
PRD0901028;217
PRD0901407;218
PRD0903140;219
PRD0903939;220
PRD0904152;221
PRD0900242;222
PRD0901017;223
PRD0902167;224
PRD0900171;225
PRD0901627;226
PRD0903399;227
PRD0903991;228
PRD0900045;229
PRD0903100;230
PRD0904958;231
PRD0903042;232
PRD0903271;233
PRD0903439;234
PRD0904334;235
PRD0904495;236
PRD0900097;237
PRD0901577;238
PRD0904599;239
PRD0903130;240
PRD0900270;241
PRD0900312;242
PRD0901094;243
PRD0901134;244
PRD0901450;245
PRD0901933;246
PRD0902116;247
PRD0902598;248
PRD0902642;249
PRD0903301;250
PRD0904815;251
PRD0904933;252
PRD0901187;253
PRD0900786;254
PRD0901150;255
PRD0901589;256
PRD0901850;257
PRD0902020;258
PRD0902297;259
PRD0902484;260
PRD0902898;261
PRD0903050;262
PRD0903161;263
PRD0903194;264
PRD0903452;265
PRD0903877;266
PRD0904120;267
PRD0904775;268
PRD0903627;269
PRD0900918;270
PRD0903900;271
PRD0904364;272
PRD0900175;273
PRD0900066;274
PRD0900557;275
PRD0900583;276
PRD0901279;277
PRD0901458;278
PRD0901617;279
PRD0903143;280
PRD0903190;281
PRD0903556;282
PRD0903644;283
PRD0904000;284
PRD0904103;285
PRD0904490;286
PRD0904506;287
PRD0904522;288
PRD0904426;289
PRD0900143;290
PRD0900311;291
PRD0901359;292
PRD0901522;293
PRD0902198;294
PRD0902254;295
PRD0903233;296
PRD0903408;297
PRD0904345;298
PRD0901886;299
PRD0900736;300
PRD0904294;301
PRD0903514;302
PRD0900065;303
PRD0900415;304
PRD0901140;305
PRD0901505;306
PRD0902561;307
PRD0902700;308
PRD0903632;309
PRD0900780;310
PRD0904743;311
PRD0902734;312
PRD0904988;313
PRD0900691;314
PRD0902929;315
PRD0902962;316
PRD0903590;317
PRD0903619;318
PRD0903751;319
PRD0904202;320
PRD0904249;321
PRD0904887;322
PRD0900228;323
PRD0901226;324
PRD0900500;325
PRD0900926;326
PRD0900951;327
PRD0901688;328
PRD0901821;329
PRD0902007;330
PRD0902015;331
PRD0902243;332
PRD0902948;333
PRD0903677;334
PRD0904286;335
PRD0904576;336
PRD0904774;337
PRD0904805;338
PRD0904847;339
PRD0900221;340
PRD0903668;341
PRD0904698;342
PRD0904275;343
PRD0904854;344
PRD0900155;345
PRD0900212;346
PRD0900290;347
PRD0900359;348
PRD0900461;349
PRD0900847;350
PRD0901024;351
PRD0902266;352
PRD0903325;353
PRD0903373;354
PRD0903538;355
PRD0904613;356
PRD0904786;357
PRD0904886;358
PRD0904157;359
PRD0901225;360
PRD0903868;361
PRD0900771;362
PRD0901495;363
PRD0900159;364
PRD0900438;365
PRD0901906;366
PRD0902876;367
PRD0903475;368
PRD0903705;369
PRD0904488;370
PRD0904531;371
PRD0901711;372
PRD0900925;373
PRD0901294;374
PRD0901468;375
PRD0901544;376
PRD0901740;377
PRD0902915;378
PRD0902944;379
PRD0902982;380
PRD0903377;381
PRD0903441;382
PRD0903746;383
PRD0904005;384
PRD0904044;385
PRD0904379;386
PRD0904409;387
PRD0904681;388
PRD0904723;389
PRD0900234;390
PRD0904794;391
PRD0901165;392
PRD0902262;393
PRD0903828;394
PRD0900843;395
PRD0901872;396
PRD0902443;397
PRD0901353;398
PRD0900633;399
PRD0900878;400
PRD0901798;401
PRD0904191;402
PRD0904192;403
PRD0901365;404
PRD0901969;405
PRD0902959;406
PRD0902359;407
PRD0903447;408
PRD0903115;409
PRD0900008;410
PRD0904357;411
PRD0904661;412
PRD0902923;413
PRD0903869;414
PRD0900613;415
PRD0901887;416
PRD0903362;417
PRD0900076;418
PRD0900372;419
PRD0900440;420
PRD0902013;421
PRD0902375;422
PRD0904636;423
PRD0901944;424
PRD0900356;425
PRD0904090;426
PRD0903114;427
PRD0901878;428
PRD0904339;429
PRD0902627;430
PRD0901230;431
PRD0901562;432
PRD0900275;433
PRD0900528;434
PRD0900911;435
PRD0901026;436
PRD0901101;437
PRD0901136;438
PRD0902189;439
PRD0902675;440
PRD0902724;441
PRD0903135;442
PRD0904579;443
PRD0903617;444
PRD0900891;445
PRD0902092;446
PRD0904133;447
PRD0903569;448
PRD0904246;449
PRD0900755;450
PRD0902407;451
PRD0904813;452
PRD0902449;453
PRD0904738;454
PRD0901253;455
PRD0903096;456
PRD0901547;457
PRD0903615;458
PRD0903618;459
PRD0903845;460
PRD0904614;461
PRD0902431;462
PRD0903497;463
PRD0903685;464
PRD0904898;465
PRD0902392;466
PRD0900249;467
PRD0901301;468
PRD0902542;469
PRD0900435;470
PRD0900844;471
PRD0900923;472
PRD0900938;473
PRD0901123;474
PRD0901535;475
PRD0901705;476
PRD0903171;477
PRD0903557;478
PRD0904055;479
PRD0904304;480
PRD0901067;481
PRD0900174;482
PRD0902699;483
PRD0903984;484
PRD0902746;485
PRD0900531;486
PRD0902423;487
PRD0901009;488
PRD0901066;489
PRD0901652;490
PRD0903941;491
PRD0900983;492
PRD0904025;493
PRD0904281;494
PRD0900508;495
PRD0900917;496
PRD0902087;497
PRD0902558;498
PRD0902655;499
PRD0903806;500
PRD0904454;501
PRD0904684;502
PRD0901329;503
PRD0900167;504
PRD0901548;505
PRD0902029;506
PRD0902609;507
PRD0903298;508
PRD0903438;509
PRD0904569;510
PRD0904574;511
PRD0904761;512
PRD0901319;513
PRD0902287;514
PRD0901987;515
PRD0901093;516
PRD0904241;517
PRD0901424;518
PRD0903567;519
PRD0900139;520
PRD0900225;521
PRD0900741;522
PRD0901242;523
PRD0903520;524
PRD0900346;525
PRD0901153;526
PRD0900986;527
PRD0902618;528
PRD0903834;529
PRD0900749;530
PRD0901201;531
PRD0902882;532
PRD0904319;533
PRD0904920;534
PRD0900239;535
PRD0901510;536
PRD0901871;537
PRD0902016;538
PRD0902555;539
PRD0902645;540
PRD0902819;541
PRD0900648;542
PRD0900653;543
PRD0901926;544
PRD0901075;545
PRD0901586;546
PRD0903577;547
PRD0903816;548
PRD0900432;549
PRD0900569;550
PRD0900670;551
PRD0901278;552
PRD0901585;553
PRD0901766;554
PRD0902060;555
PRD0902536;556
PRD0902666;557
PRD0902908;558
PRD0903269;559
PRD0903564;560
PRD0903786;561
PRD0904001;562
PRD0904492;563
PRD0902214;564
PRD0903245;565
PRD0901157;566
PRD0900852;567
PRD0900884;568
PRD0902889;569
PRD0904557;570
PRD0901776;571
PRD0901985;572
PRD0902868;573
PRD0903469;574
PRD0901891;575
PRD0901929;576
PRD0902222;577
PRD0902477;578
PRD0902268;579
PRD0902345;580
PRD0904974;581
PRD0902883;582
PRD0903690;583
PRD0903827;584
PRD0904860;585
PRD0900875;586
PRD0900934;587
PRD0901620;588
PRD0903353;589
PRD0900686;590
PRD0901031;591
PRD0902462;592
PRD0902808;593
PRD0904736;594
PRD0902110;595
PRD0902149;596
PRD0901303;597
PRD0900679;598
PRD0900684;599
PRD0901383;600
PRD0904918;601
PRD0901042;602
PRD0901229;603
PRD0902930;604
PRD0903081;605
PRD0903250;606
PRD0904951;607
PRD0900537;608
PRD0902576;609
PRD0904099;610
PRD0901486;611
PRD0901145;612
PRD0900456;613
PRD0901008;614
PRD0902430;615
PRD0902606;616
PRD0902890;617
PRD0902984;618
PRD0904533;619
PRD0901937;620
PRD0901900;621
PRD0901867;622
PRD0900962;623
PRD0901078;624
PRD0903812;625
PRD0903028;626
PRD0900614;627
PRD0902687;628
PRD0901014;629
PRD0901881;630
PRD0902242;631
PRD0903057;632
PRD0900759;633
PRD0902660;634
PRD0900294;635
PRD0901998;636
PRD0902499;637
PRD0903917;638
PRD0904537;639
PRD0904555;640
PRD0904703;641
PRD0902613;642
PRD0901831;643
PRD0902692;644
PRD0903522;645
PRD0904606;646
PRD0901188;647
PRD0902899;648
PRD0901180;649
PRD0901141;650
PRD0902216;651
PRD0903934;652
PRD0904096;653
PRD0904711;654
PRD0902207;655
PRD0904830;656
PRD0901863;657
PRD0902125;658
PRD0903473;659
PRD0902920;660
PRD0903125;661
PRD0903655;662
PRD0904269;663
PRD0904505;664
PRD0900251;665
PRD0901982;666
PRD0902132;667
PRD0902478;668
PRD0904963;669
PRD0900354;670
PRD0901170;671
PRD0901853;672
PRD0902630;673
PRD0903542;674
PRD0904107;675
PRD0904348;676
PRD0904647;677
PRD0900263;678
PRD0900390;679
PRD0902602;680
PRD0903598;681
PRD0901938;682
PRD0902286;683
PRD0903891;684
PRD0904547;685
PRD0901549;686
PRD0902398;687
PRD0902482;688
PRD0903234;689
PRD0904298;690
PRD0904425;691
PRD0903913;692
PRD0901081;693
PRD0902601;694
PRD0902822;695
PRD0903176;696
PRD0903297;697
PRD0900348;698
PRD0903112;699
PRD0904212;700
PRD0904637;701
PRD0904430;702
PRD0902735;703
PRD0901422;704
PRD0902541;705
PRD0903565;706
PRD0904882;707
PRD0904919;708
PRD0902220;709
PRD0902813;710
PRD0901469;711
PRD0903621;712
PRD0904803;713
PRD0904822;714
PRD0904283;715
PRD0904372;716
PRD0900695;717
PRD0901712;718
PRD0902399;719
PRD0902468;720
PRD0902728;721
PRD0903898;722
PRD0904405;723
PRD0904620;724
PRD0902098;725
PRD0903164;726
PRD0900014;727
PRD0900166;728
PRD0903147;729
PRD0904982;730
PRD0901116;731
PRD0903166;732
PRD0903516;733
PRD0904397;734
PRD0900046;735
PRD0902954;736
PRD0901287;737
PRD0902678;738
PRD0900357;739
PRD0904957;740
PRD0901366;741
PRD0903693;742
PRD0904559;743
PRD0903407;744
PRD0903327;745
PRD0904100;746
PRD0904908;747
PRD0901163;748
PRD0903321;749
PRD0900603;750
PRD0900868;751
PRD0901039;752
PRD0904478;753
PRD0900119;754
PRD0902294;755
PRD0902672;756
PRD0903338;757
PRD0901973;758
PRD0902074;759
PRD0903695;760
PRD0904114;761
PRD0903256;762
PRD0900555;763
PRD0901293;764
PRD0901446;765
PRD0903761;766
PRD0900977;767
PRD0900469;768
PRD0901105;769
PRD0901020;770
PRD0901674;771
PRD0903774;772
PRD0904369;773
PRD0904695;774
PRD0904710;775
PRD0904876;776
PRD0902643;777
PRD0903933;778
PRD0904616;779
PRD0901027;780
PRD0901651;781
PRD0903328;782
PRD0904622;783
PRD0900522;784
PRD0903122;785
PRD0901392;786
PRD0902180;787
PRD0903223;788
PRD0904169;789
PRD0900609;790
PRD0901990;791
PRD0902657;792
PRD0902934;793
PRD0903393;794
PRD0903288;795
PRD0903764;796
PRD0904113;797
PRD0903162;798
PRD0902587;799
PRD0900107;800
PRD0901292;801
PRD0902075;802
PRD0902638;803
PRD0903033;804
PRD0903243;805
PRD0903341;806
PRD0903561;807
PRD0903837;808
PRD0903867;809
PRD0904480;810
PRD0904841;811
PRD0904880;812
PRD0901172;813
PRD0900217;814
PRD0903430;815
PRD0904311;816
PRD0901778;817
PRD0901892;818
PRD0902232;819
PRD0902957;820
PRD0904791;821
PRD0900643;822
PRD0901414;823
PRD0901648;824
PRD0902480;825
PRD0903090;826
PRD0904660;827
PRD0904499;828
PRD0903080;829
PRD0904376;830
PRD0900050;831
PRD0901335;832
PRD0901961;833
PRD0902505;834
PRD0903158;835
PRD0903308;836
PRD0903334;837
PRD0904962;838
PRD0903449;839
PRD0901820;840
PRD0900169;841
PRD0900607;842
PRD0900946;843
PRD0901533;844
PRD0902106;845
PRD0903019;846
PRD0901218;847
PRD0903401;848
PRD0902729;849
PRD0901068;850
PRD0902695;851
PRD0903282;852
PRD0900220;853
PRD0900665;854
PRD0900715;855
PRD0901148;856
PRD0901610;857
PRD0901727;858
PRD0901919;859
PRD0902314;860
PRD0903241;861
PRD0904136;862
PRD0904921;863
PRD0904047;864
PRD0901449;865
PRD0903022;866
PRD0902138;867
PRD0902924;868
PRD0903706;869
PRD0903805;870
PRD0900876;871
PRD0900928;872
PRD0901038;873
PRD0902036;874
PRD0904158;875
PRD0901849;876
PRD0902753;877
PRD0900889;878
PRD0900054;879
PRD0900519;880
PRD0900573;881
PRD0901496;882
PRD0901955;883
PRD0902043;884
PRD0903205;885
PRD0904167;886
PRD0904525;887
PRD0904308;888
PRD0903304;889
PRD0900787;890
PRD0901288;891
PRD0901639;892
PRD0901829;893
PRD0902621;894
PRD0900376;895
PRD0900128;896
PRD0902361;897
PRD0900908;898
PRD0900888;899
PRD0902371;900
PRD0903141;901
PRD0903144;902
PRD0902596;903
PRD0901047;904
PRD0901286;905
PRD0901350;906
PRD0901545;907
PRD0901579;908
PRD0902121;909
PRD0902566;910
PRD0904672;911
PRD0902213;912
PRD0900151;913
PRD0900936;914
PRD0901270;915
PRD0902032;916
PRD0902374;917
PRD0902570;918
PRD0902919;919
PRD0902980;920
PRD0903102;921
PRD0903257;922
PRD0903650;923
PRD0904510;924
PRD0904528;925
PRD0904757;926
PRD0900211;927
PRD0901763;928
PRD0903591;929
PRD0900967;930
PRD0904083;931
PRD0900939;932
PRD0901389;933
PRD0902322;934
PRD0904404;935
PRD0904874;936
PRD0902900;937
PRD0901840;938
PRD0902844;939
PRD0903043;940
PRD0901295;941
PRD0900310;942
PRD0903860;943
PRD0902760;944
PRD0901196;945
PRD0904776;946
PRD0900631;947
PRD0902000;948
PRD0903417;949
PRD0903822;950
PRD0904871;951
PRD0901122;952
PRD0900580;953
PRD0903001;954
PRD0900984;955
PRD0901400;956
PRD0901541;957
PRD0901924;958
PRD0902103;959
PRD0900032;960
PRD0901037;961
PRD0904483;962
PRD0900871;963
PRD0903095;964
PRD0900292;965
PRD0900321;966
PRD0900972;967
PRD0900982;968
PRD0903672;969
PRD0900233;970
PRD0900331;971
PRD0900396;972
PRD0900487;973
PRD0900536;974
PRD0901049;975
PRD0901716;976
PRD0902064;977
PRD0902142;978
PRD0902165;979
PRD0903073;980
PRD0904651;981
PRD0902715;982
PRD0900273;983
PRD0900851;984
PRD0903364;985
PRD0900593;986
PRD0902077;987
PRD0902497;988
PRD0903017;989
PRD0903490;990
PRD0903491;991
PRD0900284;992
PRD0901531;993
PRD0903309;994
PRD0900507;995
PRD0901214;996
PRD0902259;997
PRD0903366;998
PRD0904063;999
PRD0904421;1000
PRD0904785;1001
PRD0902539;1002
PRD0901124;1003
PRD0902525;1004
PRD0902749;1005
PRD0902862;1006
PRD0903378;1007
PRD0903651;1008
PRD0902115;1009
PRD0902010;1010
PRD0901341;1011
PRD0903770;1012
PRD0904514;1013
PRD0900513;1014
PRD0900267;1015
PRD0900452;1016
PRD0900499;1017
PRD0900560;1018
PRD0900688;1019
PRD0900859;1020
PRD0901779;1021
PRD0902109;1022
PRD0903402;1023
PRD0903481;1024
PRD0903765;1025
PRD0904013;1026
PRD0904893;1027
PRD0900291;1028
PRD0900238;1029
PRD0901918;1030
PRD0902335;1031
PRD0900796;1032
PRD0901248;1033
PRD0904487;1034
PRD0903110;1035
PRD0901393;1036
PRD0903098;1037
PRD0901771;1038
PRD0903044;1039
PRD0901914;1040
PRD0900385;1041
PRD0900494;1042
PRD0901355;1043
PRD0901624;1044
PRD0903046;1045
PRD0903026;1046
PRD0900215;1047
PRD0900998;1048
PRD0901277;1049
PRD0901619;1050
PRD0901931;1051
PRD0901945;1052
PRD0902590;1053
PRD0903825;1054
PRD0904419;1055
PRD0904593;1056
PRD0902217;1057
PRD0901616;1058
PRD0902685;1059
PRD0903091;1060
PRD0900388;1061
PRD0901186;1062
PRD0904045;1063
PRD0904596;1064
PRD0901662;1065
PRD0900532;1066
PRD0902710;1067
PRD0903307;1068
PRD0903680;1069
PRD0900753;1070
PRD0902027;1071
PRD0902226;1072
PRD0903388;1073
PRD0904936;1074
PRD0904935;1075
PRD0903607;1076
PRD0900420;1077
PRD0900632;1078
PRD0901010;1079
PRD0901948;1080
PRD0902895;1081
PRD0904792;1082
PRD0902457;1083
PRD0902573;1084
PRD0903348;1085
PRD0904199;1086
PRD0903878;1087
PRD0900971;1088
PRD0900369;1089
PRD0904518;1090
PRD0904821;1091
PRD0901650;1092
PRD0901176;1093
PRD0901147;1094
PRD0904254;1095
PRD0904394;1096
PRD0901309;1097
PRD0901883;1098
PRD0902215;1099
PRD0901813;1100
PRD0902610;1101
PRD0904777;1102
PRD0904838;1103
PRD0900219;1104
PRD0904458;1105
PRD0901259;1106
PRD0904781;1107
PRD0900757;1108
PRD0900718;1109
PRD0903300;1110
PRD0903479;1111
PRD0901304;1112
PRD0904407;1113
PRD0900774;1114
PRD0901222;1115
PRD0903317;1116
PRD0903931;1117
PRD0903924;1118
PRD0901845;1119
PRD0903814;1120
PRD0900345;1121
PRD0900567;1122
PRD0900568;1123
PRD0900571;1124
PRD0900886;1125
PRD0903303;1126
PRD0901935;1127
PRD0902667;1128
PRD0904170;1129
PRD0900083;1130
PRD0900721;1131
PRD0902912;1132
PRD0903106;1133
PRD0903215;1134
PRD0903731;1135
PRD0901608;1136
PRD0902122;1137
PRD0902782;1138
PRD0902842;1139
PRD0904330;1140
PRD0904621;1141
PRD0902317;1142
PRD0903286;1143
PRD0904066;1144
PRD0903221;1145
PRD0904657;1146
PRD0901573;1147
PRD0903859;1148
PRD0900521;1149
PRD0901200;1150
PRD0900673;1151
PRD0902647;1152
PRD0901114;1153
PRD0903727;1154
PRD0903866;1155
PRD0904387;1156
PRD0900401;1157
PRD0904323;1158
PRD0901936;1159
PRD0904436;1160
PRD0904519;1161
PRD0903850;1162
PRD0902928;1163
PRD0900602;1164
PRD0900776;1165
PRD0901059;1166
PRD0903477;1167
PRD0904453;1168
PRD0900256;1169
PRD0900489;1170
PRD0902775;1171
PRD0902880;1172
PRD0903410;1173
PRD0904194;1174
PRD0904318;1175
PRD0904911;1176
PRD0903601;1177
PRD0902137;1178
PRD0903123;1179
PRD0901673;1180
PRD0901753;1181
PRD0903954;1182
PRD0902102;1183
PRD0901077;1184
PRD0903471;1185
PRD0901216;1186
PRD0901357;1187
PRD0901823;1188
PRD0904163;1189
PRD0904424;1190
PRD0900795;1191
PRD0900820;1192
PRD0901478;1193
PRD0900712;1194
PRD0903266;1195
PRD0900660;1196
PRD0900873;1197
PRD0901655;1198
PRD0901675;1199
PRD0901749;1200
PRD0902559;1201
PRD0902583;1202
PRD0903723;1203
PRD0904960;1204
PRD0903062;1205
PRD0902855;1206
PRD0900453;1207
PRD0902787;1208
PRD0904861;1209
PRD0901587;1210
PRD0900308;1211
PRD0904638;1212
PRD0904965;1213
PRD0900061;1214
PRD0900214;1215
PRD0900794;1216
PRD0900994;1217
PRD0901048;1218
PRD0901307;1219
PRD0901775;1220
PRD0904148;1221
PRD0904674;1222
PRD0901276;1223
PRD0900733;1224
PRD0902024;1225
PRD0903505;1226
PRD0904262;1227
PRD0904704;1228
PRD0901390;1229
PRD0903498;1230
PRD0903896;1231
PRD0902503;1232
PRD0903572;1233
PRD0901032;1234
PRD0904642;1235
PRD0901898;1236
PRD0902979;1237
PRD0904834;1238
PRD0902916;1239
PRD0900935;1240
PRD0903152;1241
PRD0901035;1242
PRD0901212;1243
PRD0902368;1244
PRD0902569;1245
PRD0903088;1246
PRD0903099;1247
PRD0900462;1248
PRD0902465;1249
PRD0903956;1250
PRD0900028;1251
PRD0901739;1252
PRD0900605;1253
PRD0900853;1254
PRD0903227;1255
PRD0901825;1256
PRD0902130;1257
PRD0902422;1258
PRD0902674;1259
PRD0904059;1260
PRD0904370;1261
PRD0901428;1262
PRD0903203;1263
PRD0903586;1264
PRD0904230;1265
PRD0904195;1266
PRD0902288;1267
PRD0901220;1268
PRD0904204;1269
PRD0900833;1270
PRD0900306;1271
PRD0900819;1272
PRD0901419;1273
PRD0901480;1274
PRD0901685;1275
PRD0902650;1276
PRD0904237;1277
PRD0904748;1278
PRD0900902;1279
PRD0903128;1280
PRD0903596;1281
PRD0902850;1282
PRD0902515;1283
PRD0900656;1284
PRD0900426;1285
PRD0902777;1286
PRD0901055;1287
PRD0904061;1288
PRD0904463;1289
PRD0902219;1290
PRD0902318;1291
PRD0904937;1292
PRD0900754;1293
PRD0902091;1294
PRD0903010;1295
PRD0903977;1296
PRD0904123;1297
PRD0904398;1298
PRD0904082;1299
PRD0901909;1300
PRD0903170;1301
PRD0904504;1302
PRD0900282;1303
PRD0901412;1304
PRD0904551;1305
PRD0902789;1306
PRD0900882;1307
PRD0900589;1308
PRD0900809;1309
PRD0902425;1310
PRD0902706;1311
PRD0904142;1312
PRD0903525;1313
PRD0903957;1314
PRD0903961;1315
PRD0901529;1316
PRD0902192;1317
PRD0902614;1318
PRD0900845;1319
PRD0901202;1320
PRD0903740;1321
PRD0904266;1322
PRD0904129;1323
PRD0902148;1324
PRD0900944;1325
PRD0901733;1326
PRD0900959;1327
PRD0904245;1328
PRD0904305;1329
PRD0902586;1330
PRD0903189;1331
PRD0904608;1332
PRD0903909;1333
PRD0904909;1334
PRD0900394;1335
PRD0900145;1336
PRD0900077;1337
PRD0900449;1338
PRD0900931;1339
PRD0901112;1340
PRD0901382;1341
PRD0902139;1342
PRD0903154;1343
PRD0904789;1344
PRD0902107;1345
PRD0900260;1346
PRD0901084;1347
PRD0901238;1348
PRD0901401;1349
PRD0901921;1350
PRD0901379;1351
PRD0900248;1352
PRD0902264;1353
PRD0902290;1354
PRD0903456;1355
PRD0900877;1356
PRD0900968;1357
PRD0901190;1358
PRD0901508;1359
PRD0901513;1360
PRD0902500;1361
PRD0902809;1362
PRD0903515;1363
PRD0903541;1364
PRD0903544;1365
PRD0903739;1366
PRD0904007;1367
PRD0904722;1368
PRD0902289;1369
PRD0903975;1370
PRD0903720;1371
PRD0901834;1372
PRD0900457;1373
PRD0900472;1374
PRD0900752;1375
PRD0900333;1376
PRD0900760;1377
PRD0900779;1378
PRD0902629;1379
PRD0902636;1380
PRD0902707;1381
PRD0903733;1382
PRD0904440;1383
PRD0901706;1384
PRD0903445;1385
PRD0900815;1386
PRD0904185;1387
PRD0904552;1388
PRD0904568;1389
PRD0900856;1390
PRD0902194;1391
PRD0902239;1392
PRD0902395;1393
PRD0903313;1394
PRD0904720;1395
PRD0901317;1396
PRD0900807;1397
PRD0900748;1398
PRD0901761;1399
PRD0903287;1400
PRD0903511;1401
PRD0901680;1402
PRD0902066;1403
PRD0902904;1404
PRD0903543;1405
PRD0900832;1406
PRD0900966;1407
PRD0900574;1408
PRD0903485;1409
PRD0900447;1410
PRD0901052;1411
PRD0901528;1412
PRD0901810;1413
PRD0902351;1414
PRD0904433;1415
PRD0904489;1416
PRD0904938;1417
PRD0902486;1418
PRD0902049;1419
PRD0902291;1420
PRD0903813;1421
PRD0903192;1422
PRD0901520;1423
PRD0902723;1424
PRD0904523;1425
PRD0901563;1426
PRD0902860;1427
PRD0901713;1428
PRD0900520;1429
PRD0900637;1430
PRD0901917;1431
PRD0902370;1432
PRD0901744;1433
PRD0903790;1434
PRD0904437;1435
PRD0903138;1436
PRD0904109;1437
PRD0900769;1438
PRD0901185;1439
PRD0901405;1440
PRD0902452;1441
PRD0902773;1442
PRD0902978;1443
PRD0903466;1444
PRD0901423;1445
PRD0901962;1446
PRD0900278;1447
PRD0904763;1448
PRD0900262;1449
PRD0901137;1450
PRD0901946;1451
PRD0902424;1452
PRD0902829;1453
PRD0902832;1454
PRD0900502;1455
PRD0900722;1456
PRD0901384;1457
PRD0904004;1458
PRD0904367;1459
PRD0904337;1460
PRD0901957;1461
PRD0903524;1462
PRD0903295;1463
PRD0900898;1464
PRD0900775;1465
PRD0901415;1466
PRD0902406;1467
PRD0904024;1468
PRD0904554;1469
PRD0901343;1470
PRD0904149;1471
PRD0903219;1472
PRD0904866;1473
PRD0904751;1474
PRD0901789;1475
PRD0902519;1476
PRD0903489;1477
PRD0903998;1478
PRD0904252;1479
PRD0904745;1480
PRD0904990;1481
PRD0901113;1482
PRD0900087;1483
PRD0902903;1484
PRD0900187;1485
PRD0904143;1486
PRD0902255;1487
PRD0901283;1488
PRD0904532;1489
PRD0901524;1490
PRD0902119;1491
PRD0903494;1492
PRD0902191;1493
PRD0904091;1494
PRD0902942;1495
PRD0903330;1496
PRD0903927;1497
PRD0904046;1498
PRD0904171;1499
PRD0903113;1500
PRD0900088;1501
PRD0904530;1502
PRD0901076;1503
PRD0903396;1504
PRD0901786;1505
PRD0902269;1506
PRD0902843;1507
PRD0903789;1508
PRD0900150;1509
PRD0902334;1510
PRD0901098;1511
PRD0902689;1512
PRD0901720;1513
PRD0902377;1514
PRD0902491;1515
PRD0902873;1516
PRD0902751;1517
PRD0901062;1518
PRD0902124;1519
PRD0904423;1520
PRD0900667;1521
PRD0903423;1522
PRD0903920;1523
PRD0904077;1524
PRD0904088;1525
PRD0904347;1526
PRD0904043;1527
PRD0901603;1528
PRD0903403;1529
PRD0900672;1530
PRD0901161;1531
PRD0901876;1532
PRD0904272;1533
PRD0904410;1534
PRD0902917;1535
PRD0903157;1536
PRD0900738;1537
PRD0901395;1538
PRD0901966;1539
PRD0903918;1540
PRD0904994;1541
PRD0900821;1542
PRD0901777;1543
PRD0903061;1544
PRD0903428;1545
PRD0903704;1546
PRD0900468;1547
PRD0900639;1548
PRD0901622;1549
PRD0902068;1550
PRD0902464;1551
PRD0902599;1552
PRD0903472;1553
PRD0903721;1554
PRD0903959;1555
PRD0902054;1556
PRD0903922;1557
PRD0903382;1558
PRD0903986;1559
PRD0903962;1560
PRD0902709;1561
PRD0901515;1562
PRD0903558;1563
PRD0904678;1564
PRD0900475;1565
PRD0900053;1566
PRD0900188;1567
PRD0903664;1568
PRD0904535;1569
PRD0903222;1570
PRD0904623;1571
PRD0900146;1572
PRD0902810;1573
PRD0901322;1574
PRD0901833;1575
PRD0901767;1576
PRD0902158;1577
PRD0900091;1578
PRD0900450;1579
PRD0900516;1580
PRD0901604;1581
PRD0901870;1582
PRD0902429;1583
PRD0903255;1584
PRD0903392;1585
PRD0903611;1586
PRD0903722;1587
PRD0904855;1588
PRD0904863;1589
PRD0902386;1590
PRD0902585;1591
PRD0903637;1592
PRD0902072;1593
PRD0903782;1594
PRD0904732;1595
PRD0902517;1596
PRD0902155;1597
PRD0900229;1598
PRD0901364;1599
PRD0903204;1600
PRD0903757;1601
PRD0904733;1602
PRD0904749;1603
PRD0903427;1604
PRD0900026;1605
PRD0902763;1606
PRD0904566;1607
PRD0903492;1608
PRD0900666;1609
PRD0900837;1610
PRD0901502;1611
PRD0901752;1612
PRD0902053;1613
PRD0903687;1614
PRD0904474;1615
PRD0904941;1616
PRD0904036;1617
PRD0901621;1618
PRD0902790;1619
PRD0904244;1620
PRD0900662;1621
PRD0902718;1622
PRD0902759;1623
PRD0903599;1624
PRD0904121;1625
PRD0904746;1626
PRD0902328;1627
PRD0903882;1628
PRD0901728;1629
PRD0900226;1630
PRD0901082;1631
PRD0902056;1632
PRD0903101;1633
PRD0903791;1634
PRD0904856;1635
PRD0903290;1636
PRD0903360;1637
PRD0903890;1638
PRD0901888;1639
PRD0904564;1640
PRD0900654;1641
PRD0904289;1642
PRD0903374;1643
PRD0900840;1644
PRD0903987;1645
PRD0901192;1646
PRD0904408;1647
PRD0902389;1648
PRD0900540;1649
PRD0902702;1650
PRD0904840;1651
PRD0900314;1652
PRD0902203;1653
PRD0903458;1654
PRD0903670;1655
PRD0900104;1656
PRD0901262;1657
PRD0901351;1658
PRD0903260;1659
PRD0904232;1660
PRD0900406;1661
PRD0900618;1662
PRD0900636;1663
PRD0900623;1664
PRD0900933;1665
PRD0901044;1666
PRD0901429;1667
PRD0902532;1668
PRD0903585;1669
PRD0903762;1670
PRD0904470;1671
PRD0900914;1672
PRD0900129;1673
PRD0900948;1674
PRD0902250;1675
PRD0903387;1676
PRD0904428;1677
PRD0904669;1678
PRD0904868;1679
PRD0904905;1680
PRD0902941;1681
PRD0900140;1682
PRD0900464;1683
PRD0901884;1684
PRD0900216;1685
PRD0900413;1686
PRD0900802;1687
PRD0901636;1688
PRD0901718;1689
PRD0901742;1690
PRD0901817;1691
PRD0902025;1692
PRD0902986;1693
PRD0903728;1694
PRD0902018;1695
PRD0902623;1696
PRD0900340;1697
PRD0900922;1698
PRD0902856;1699
PRD0902989;1700
PRD0902987;1701
PRD0900370;1702
PRD0902252;1703
PRD0900801;1704
PRD0901388;1705
PRD0901676;1706
PRD0904447;1707
PRD0903992;1708
PRD0900675;1709
PRD0901679;1710
PRD0901838;1711
PRD0902691;1712
PRD0903168;1713
PRD0900157;1714
PRD0900943;1715
PRD0901394;1716
PRD0901431;1717
PRD0902565;1718
PRD0902951;1719
PRD0903777;1720
PRD0904600;1721
PRD0901698;1722
PRD0901915;1723
PRD0900037;1724
PRD0901656;1725
PRD0901730;1726
PRD0900414;1727
PRD0901844;1728
PRD0901848;1729
PRD0903008;1730
PRD0901974;1731
PRD0902560;1732
PRD0901981;1733
PRD0903982;1734
PRD0904567;1735
PRD0904592;1736
PRD0904755;1737
PRD0904867;1738
PRD0901071;1739
PRD0903763;1740
PRD0904690;1741
PRD0900534;1742
PRD0900523;1743
PRD0901167;1744
PRD0901280;1745
PRD0901811;1746
PRD0902097;1747
PRD0903997;1748
PRD0904023;1749
PRD0900444;1750
PRD0901013;1751
PRD0901337;1752
PRD0903371;1753
PRD0904760;1754
PRD0900411;1755
PRD0900565;1756
PRD0900751;1757
PRD0901684;1758
PRD0902901;1759
PRD0903291;1760
PRD0903513;1761
PRD0900683;1762
PRD0900058;1763
PRD0902736;1764
PRD0901799;1765
PRD0904324;1766
PRD0901907;1767
PRD0904360;1768
PRD0904008;1769
PRD0900709;1770
PRD0900810;1771
PRD0900863;1772
PRD0901109;1773
PRD0902459;1774
PRD0903804;1775
PRD0904265;1776
PRD0904670;1777
PRD0900572;1778
PRD0901839;1779
PRD0902134;1780
PRD0904375;1781
PRD0900942;1782
PRD0900057;1783
PRD0900800;1784
PRD0904258;1785
PRD0901773;1786
PRD0904050;1787
PRD0901171;1788
PRD0901498;1789
PRD0903809;1790
PRD0904978;1791
PRD0904264;1792
PRD0901291;1793
PRD0901181;1794
PRD0903935;1795
PRD0902528;1796
PRD0903284;1797
PRD0900051;1798
PRD0903552;1799
PRD0902473;1800
PRD0903030;1801
PRD0901178;1802
PRD0901832;1803
PRD0901571;1804
PRD0901588;1805
PRD0902205;1806
PRD0903630;1807
PRD0900048;1808
PRD0901861;1809
PRD0902490;1810
PRD0903333;1811
PRD0900013;1812
PRD0902757;1813
PRD0900196;1814
PRD0903876;1815
PRD0904101;1816
PRD0902509;1817
PRD0901466;1818
PRD0901416;1819
PRD0903134;1820
PRD0903342;1821
PRD0903440;1822
PRD0904686;1823
PRD0901970;1824
PRD0902938;1825
PRD0902662;1826
PRD0900597;1827
PRD0901613;1828
PRD0902608;1829
PRD0904155;1830
PRD0902594;1831
PRD0900375;1832
PRD0900685;1833
PRD0901975;1834
PRD0903174;1835
PRD0903415;1836
PRD0903608;1837
PRD0903864;1838
PRD0900082;1839
PRD0901151;1840
PRD0901146;1841
PRD0901757;1842
PRD0904276;1843
PRD0904321;1844
PRD0904754;1845
PRD0904972;1846
PRD0901992;1847
PRD0901904;1848
PRD0902690;1849
PRD0900996;1850
PRD0900241;1851
PRD0901565;1852
PRD0901873;1853
PRD0901144;1854
PRD0900585;1855
PRD0902218;1856
PRD0902646;1857
PRD0903852;1858
PRD0904846;1859
PRD0902256;1860
PRD0901377;1861
PRD0901516;1862
PRD0902682;1863
PRD0904203;1864
PRD0902159;1865
PRD0902803;1866
PRD0902144;1867
PRD0903760;1868
PRD0901569;1869
PRD0901694;1870
PRD0901543;1871
PRD0902420;1872
PRD0903285;1873
PRD0901896;1874
PRD0904288;1875
PRD0900728;1876
PRD0901719;1877
PRD0902199;1878
PRD0902312;1879
PRD0903000;1880
PRD0903759;1881
PRD0904634;1882
PRD0904851;1883
PRD0901614;1884
PRD0902355;1885
PRD0902582;1886
PRD0902769;1887
PRD0902796;1888
PRD0904344;1889
PRD0904697;1890
PRD0904820;1891
PRD0900329;1892
PRD0903196;1893
PRD0904210;1894
PRD0902427;1895
PRD0902186;1896
PRD0901376;1897
PRD0901427;1898
PRD0902188;1899
PRD0903412;1900
PRD0903745;1901
PRD0902162;1902
PRD0902181;1903
PRD0902357;1904
PRD0900005;1905
PRD0903331;1906
PRD0901758;1907
PRD0902187;1908
PRD0901434;1909
PRD0904240;1910
PRD0902892;1911
PRD0900584;1912
PRD0900244;1913
PRD0901211;1914
PRD0901925;1915
PRD0903047;1916
PRD0903972;1917
PRD0904075;1918
PRD0904509;1919
PRD0903563;1920
PRD0904773;1921
PRD0900598;1922
PRD0901553;1923
PRD0903183;1924
PRD0900300;1925
PRD0902686;1926
PRD0902925;1927
PRD0900430;1928
PRD0901361;1929
PRD0901421;1930
PRD0903658;1931
PRD0904072;1932
PRD0904715;1933
PRD0903798;1934
PRD0900006;1935
PRD0901451;1936
PRD0902628;1937
PRD0903810;1938
PRD0904869;1939
PRD0901241;1940
PRD0904502;1941
PRD0900803;1942
PRD0903694;1943
PRD0902597;1944
PRD0901996;1945
PRD0900080;1946
PRD0900289;1947
PRD0900366;1948
PRD0901173;1949
PRD0901448;1950
PRD0904667;1951
PRD0903832;1952
PRD0904134;1953
PRD0900517;1954
PRD0901271;1955
PRD0902400;1956
PRD0902537;1957
PRD0904335;1958
PRD0900484;1959
PRD0900954;1960
PRD0902936;1961
PRD0904915;1962
PRD0902151;1963
PRD0901801;1964
PRD0903836;1965
PRD0903853;1966
PRD0904766;1967
PRD0903320;1968
PRD0901420;1969
PRD0903139;1970
PRD0904420;1971
PRD0904782;1972
PRD0904969;1973
PRD0901594;1974
PRD0900476;1975
PRD0900901;1976
PRD0901374;1977
PRD0901381;1978
PRD0901611;1979
PRD0902201;1980
PRD0900578;1981
PRD0900870;1982
PRD0902028;1983
PRD0902909;1984
PRD0903137;1985
PRD0903605;1986
PRD0902697;1987
PRD0900189;1988
PRD0901971;1989
PRD0901997;1990
PRD0902145;1991
PRD0902556;1992
PRD0903908;1993
PRD0900912;1994
PRD0902752;1995
PRD0900105;1996
PRD0902120;1997
PRD0903794;1998
PRD0904793;1999
PRD0901406;2000
PRD0901555;2001
PRD0902487;2002
PRD0903735;2003
PRD0901006;2004
PRD0901086;2005
PRD0902958;2006
PRD0900327;2007
PRD0900622;2008
PRD0902040;2009
PRD0900729;2010
PRD0901991;2011
PRD0904080;2012
PRD0900477;2013
PRD0901430;2014
PRD0900445;2015
PRD0901352;2016
PRD0902867;2017
PRD0904234;2018
PRD0904400;2019
PRD0904595;2020
PRD0904726;2021
PRD0904823;2022
PRD0902786;2023
PRD0901349;2024
PRD0901741;2025
PRD0902688;2026
PRD0902812;2027
PRD0903665;2028
PRD0903654;2029
PRD0904466;2030
PRD0901967;2031
PRD0900154;2032
PRD0900393;2033
PRD0903003;2034
PRD0903247;2035
PRD0901923;2036
PRD0902619;2037
PRD0904462;2038
PRD0901069;2039
PRD0901590;2040
PRD0902673;2041
PRD0900431;2042
PRD0900135;2043
PRD0900285;2044
PRD0901463;2045
PRD0901473;2046
PRD0901600;2047
PRD0903013;2048
PRD0903145;2049
PRD0903230;2050
PRD0904098;2051
PRD0900199;2052
PRD0900347;2053
PRD0900181;2054
PRD0900298;2055
PRD0901132;2056
PRD0903108;2057
PRD0903717;2058
PRD0903865;2059
PRD0903910;2060
PRD0904494;2061
PRD0904849;2062
PRD0902971;2063
PRD0901670;2064
PRD0902588;2065
PRD0900818;2066
PRD0902081;2067
PRD0904601;2068
PRD0903545;2069
PRD0901231;2070
PRD0902083;2071
PRD0902100;2072
PRD0900857;2073
PRD0900040;2074
PRD0900505;2075
PRD0901663;2076
PRD0904093;2077
PRD0904297;2078
PRD0904930;2079
PRD0902496;2080
PRD0900142;2081
PRD0902169;2082
PRD0903094;2083
PRD0904788;2084
PRD0902112;2085
PRD0901327;2086
PRD0903623;2087
PRD0900963;2088
PRD0902501;2089
PRD0902776;2090
PRD0902891;2091
PRD0903861;2092
PRD0903815;2093
PRD0902276;2094
PRD0900423;2095
PRD0902656;2096
PRD0901735;2097
PRD0902620;2098
PRD0903963;2099
PRD0901787;2100
PRD0900399;2101
PRD0900724;2102
PRD0901653;2103
PRD0900836;2104
PRD0903540;2105
PRD0902626;2106
PRD0904845;2107
PRD0904947;2108
PRD0903133;2109
PRD0900834;2110
PRD0902659;2111
PRD0902358;2112
PRD0901445;2113
PRD0903109;2114
PRD0904995;2115
PRD0900956;2116
PRD0903283;2117
PRD0903365;2118
PRD0904243;2119
PRD0904355;2120
PRD0902906;2121
PRD0904602;2122
PRD0903198;2123
PRD0903451;2124
PRD0900989;2125
PRD0904124;2126
PRD0903592;2127
PRD0904445;2128
PRD0900195;2129
PRD0903796;2130
PRD0904825;2131
PRD0902549;2132
PRD0901647;2133
PRD0904455;2134
PRD0904561;2135
PRD0900764;2136
PRD0901747;2137
PRD0901729;2138
PRD0900478;2139
PRD0903312;2140
PRD0904097;2141
PRD0900669;2142
PRD0902438;2143
PRD0900826;2144
PRD0903181;2145
PRD0901885;2146
PRD0900883;2147
PRD0900698;2148
PRD0904002;2149
PRD0900777;2150
PRD0902704;2151
PRD0901866;2152
PRD0904729;2153
PRD0900817;2154
PRD0904048;2155
PRD0901580;2156
PRD0904144;2157
PRD0904545;2158
PRD0900474;2159
PRD0904477;2160
PRD0904413;2161
PRD0904475;2162
PRD0900337;2163
PRD0901079;2164
PRD0901491;2165
PRD0902044;2166
PRD0901805;2167
PRD0903817;2168
PRD0900897;2169
PRD0901703;2170
PRD0900547;2171
PRD0900608;2172
PRD0901704;2173
PRD0904481;2174
PRD0904688;2175
PRD0904737;2176
PRD0904019;2177
PRD0902960;2178
PRD0904327;2179
PRD0904624;2180
PRD0900147;2181
PRD0900481;2182
PRD0901205;2183
PRD0904977;2184
PRD0903574;2185
PRD0903085;2186
PRD0900133;2187
PRD0900336;2188
PRD0903021;2189
PRD0903778;2190
PRD0903069;2191
PRD0904292;2192
PRD0901768;2193
PRD0904508;2194
PRD0902417;2195
PRD0903518;2196
PRD0903240;2197
PRD0904256;2198
PRD0900271;2199
PRD0901233;2200
PRD0901386;2201
PRD0903060;2202
PRD0900102;2203
PRD0900149;2204
PRD0903854;2205
PRD0902605;2206
PRD0903980;2207
PRD0901328;2208
PRD0901501;2209
PRD0902011;2210
PRD0900397;2211
PRD0901239;2212
PRD0901994;2213
PRD0902742;2214
PRD0903279;2215
PRD0903628;2216
PRD0903981;2217
PRD0901090;2218
PRD0902581;2219
PRD0904295;2220
PRD0901399;2221
PRD0900341;2222
PRD0903923;2223
PRD0902502;2224
PRD0904668;2225
PRD0902467;2226
PRD0900533;2227
PRD0901182;2228
PRD0902740;2229
PRD0903369;2230
PRD0904906;2231
PRD0900264;2232
PRD0903944;2233
PRD0904632;2234
PRD0901564;2235
PRD0901306;2236
PRD0904278;2237
PRD0904507;2238
PRD0900387;2239
PRD0902388;2240
PRD0902396;2241
PRD0903841;2242
PRD0904325;2243
PRD0900330;2244
PRD0901514;2245
PRD0903051;2246
PRD0904498;2247
PRD0900363;2248
PRD0901111;2249
PRD0901464;2250
PRD0904739;2251
PRD0900362;2252
PRD0901258;2253
PRD0904826;2254
PRD0900991;2255
PRD0900210;2256
PRD0902014;2257
PRD0902017;2258
PRD0902946;2259
PRD0904496;2260
PRD0900835;2261
PRD0902225;2262
PRD0901874;2263
PRD0900961;2264
PRD0900093;2265
PRD0903246;2266
PRD0903048;2267
PRD0900482;2268
PRD0900978;2269
PRD0903688;2270
PRD0903906;2271
PRD0901285;2272
PRD0904138;2273
PRD0900099;2274
PRD0900701;2275
PRD0900906;2276
PRD0901857;2277
PRD0902661;2278
PRD0903862;2279
PRD0900316;2280
PRD0901387;2281
PRD0901103;2282
PRD0904731;2283
PRD0902963;2284
PRD0903156;2285
PRD0901597;2286
PRD0904639;2287
PRD0902469;2288
PRD0901483;2289
PRD0903711;2290
PRD0900784;2291
PRD0903657;2292
PRD0904883;2293
PRD0902632;2294
PRD0903040;2295
PRD0900132;2296
PRD0901769;2297
PRD0901488;2298
PRD0901256;2299
PRD0903041;2300
PRD0900204;2301
PRD0900433;2302
PRD0901089;2303
PRD0903528;2304
PRD0904178;2305
PRD0902093;2306
PRD0901826;2307
PRD0901011;2308
PRD0903107;2309
PRD0904540;2310
PRD0904809;2311
PRD0901250;2312
PRD0902625;2313
PRD0900118;2314
PRD0902544;2315
PRD0904580;2316
PRD0901960;2317
PRD0904414;2318
PRD0902279;2319
PRD0903974;2320
PRD0900690;2321
PRD0901959;2322
PRD0901475;2323
PRD0902363;2324
PRD0904912;2325
PRD0903875;2326
PRD0900138;2327
PRD0900647;2328
PRD0901519;2329
PRD0901644;2330
PRD0903058;2331
PRD0903744;2332
PRD0904261;2333
PRD0904068;2334
PRD0903200;2335
PRD0902267;2336
PRD0901592;2337
PRD0901791;2338
PRD0903409;2339
PRD0900692;2340
PRD0903753;2341
PRD0903195;2342
PRD0903686;2343
PRD0902563;2344
PRD0900015;2345
PRD0903799;2346
PRD0902551;2347
PRD0903800;2348
PRD0902792;2349
PRD0904058;2350
PRD0904208;2351
PRD0901504;2352
PRD0903376;2353
PRD0904110;2354
PRD0902356;2355
PRD0901333;2356
PRD0903212;2357
PRD0900374;2358
PRD0904742;2359
PRD0902185;2360
PRD0902088;2361
PRD0902455;2362
PRD0903077;2363
PRD0903768;2364
PRD0901746;2365
PRD0900436;2366
PRD0900235;2367
PRD0901435;2368
PRD0903533;2369
PRD0904057;2370
PRD0901342;2371
PRD0901224;2372
PRD0900158;2373
PRD0901408;2374
PRD0903324;2375
PRD0904062;2376
PRD0903769;2377
PRD0904411;2378
PRD0901612;2379
PRD0902526;2380
PRD0900766;2381
PRD0904154;2382
PRD0900115;2383
PRD0904828;2384
PRD0901954;2385
PRD0900213;2386
PRD0902694;2387
PRD0903771;2388
PRD0904299;2389
PRD0902637;2390
PRD0900342;2391
PRD0900588;2392
PRD0900822;2393
PRD0900111;2394
PRD0902212;2395
PRD0902382;2396
PRD0902658;2397
PRD0903082;2398
PRD0904035;2399
PRD0902676;2400
PRD0903202;2401
PRD0900865;2402
PRD0904612;2403
PRD0900705;2404
PRD0902589;2405
PRD0901667;2406
PRD0902247;2407
PRD0904961;2408
PRD0900207;2409
PRD0903426;2410
PRD0900483;2411
PRD0900373;2412
PRD0904211;2413
PRD0901635;2414
PRD0901927;2415
PRD0904604;2416
PRD0904808;2417
PRD0900791;2418
PRD0903273;2419
PRD0901129;2420
PRD0901546;2421
PRD0902197;2422
PRD0903779;2423
PRD0902404;2424
PRD0900371;2425
PRD0900582;2426
PRD0900360;2427
PRD0902967;2428
PRD0900049;2429
PRD0900417;2430
PRD0902354;2431
PRD0902410;2432
PRD0904572;2433
PRD0903071;2434
PRD0900564;2435
PRD0902084;2436
PRD0900561;2437
PRD0901701;2438
PRD0902781;2439
PRD0901264;2440
PRD0901100;2441
PRD0901920;2442
PRD0902804;2443
PRD0903027;2444
PRD0902183;2445
PRD0901261;2446
PRD0902315;2447
PRD0903169;2448
PRD0902648;2449
PRD0903851;2450
PRD0900177;2451
PRD0903597;2452
PRD0901609;2453
PRD0902950;2454
PRD0902748;2455
PRD0900019;2456
PRD0900161;2457
PRD0902409;2458
PRD0902571;2459
PRD0903499;2460
PRD0904759;2461
PRD0904517;2462
PRD0901063;2463
PRD0900566;2464
PRD0902282;2465
PRD0904598;2466
PRD0902041;2467
PRD0900680;2468
PRD0903821;2469
PRD0900391;2470
PRD0900964;2471
PRD0902733;2472
PRD0902283;2473
PRD0903457;2474
PRD0900677;2475
PRD0901489;2476
PRD0904026;2477
PRD0901160;2478
PRD0903432;2479
PRD0902731;2480
PRD0904693;2481
PRD0902301;2482
PRD0903054;2483
PRD0902743;2484
PRD0903907;2485
PRD0900471;2486
PRD0904771;2487
PRD0903697;2488
PRD0904527;2489
PRD0903274;2490
PRD0902012;2491
PRD0902052;2492
PRD0901131;2493
PRD0901682;2494
PRD0902838;2495
PRD0900626;2496
PRD0901331;2497
PRD0903231;2498
PRD0903582;2499
PRD0904174;2500
PRD0904923;2501
PRD0900548;2502
PRD0901574;2503
PRD0904156;2504
PRD0901053;2505
PRD0901707;2506
PRD0904079;2507
PRD0904164;2508
PRD0904255;2509
PRD0904942;2510
PRD0903884;2511
PRD0902310;2512
PRD0902845;2513
PRD0901045;2514
PRD0900095;2515
PRD0901759;2516
PRD0900867;2517
PRD0902719;2518
PRD0903349;2519
PRD0902584;2520
PRD0902595;2521
PRD0903218;2522
PRD0903883;2523
PRD0901827;2524
PRD0902471;2525
PRD0903370;2526
PRD0904108;2527
PRD0904329;2528
PRD0904973;2529
PRD0902489;2530
PRD0902426;2531
PRD0901411;2532
PRD0904581;2533
PRD0903888;2534
PRD0900467;2535
PRD0901762;2536
PRD0904925;2537
PRD0902945;2538
PRD0903414;2539
PRD0902833;2540
PRD0901356;2541
PRD0902324;2542
PRD0900920;2543
PRD0902308;2544
PRD0904721;2545
PRD0900074;2546
PRD0900518;2547
PRD0902270;2548
PRD0903521;2549
PRD0904836;2550
PRD0904993;2551
PRD0903660;2552
PRD0902233;2553
PRD0903434;2554
PRD0904336;2555
PRD0902732;2556
PRD0903329;2557
PRD0901019;2558
PRD0903996;2559
PRD0903724;2560
PRD0904014;2561
PRD0904740;2562
PRD0901828;2563
PRD0901638;2564
PRD0902451;2565
PRD0900255;2566
PRD0902305;2567
PRD0903696;2568
PRD0904750;2569
PRD0903191;2570
PRD0901199;2571
PRD0901457;2572
PRD0902439;2573
PRD0903689;2574
PRD0901794;2575
PRD0900198;2576
PRD0901375;2577
PRD0904981;2578
PRD0901398;2579
PRD0900542;2580
PRD0901166;2581
PRD0904575;2582
PRD0902554;2583
PRD0902874;2584
PRD0901119;2585
PRD0902447;2586
PRD0902578;2587
PRD0901254;2588
PRD0902078;2589
PRD0904085;2590
PRD0900277;2591
PRD0901128;2592
PRD0904890;2593
PRD0901618;2594
PRD0901666;2595
PRD0901281;2596
PRD0903315;2597
PRD0901721;2598
PRD0900258;2599
PRD0901065;2600
PRD0901367;2601
PRD0903390;2602
PRD0903444;2603
PRD0904016;2604
PRD0904415;2605
PRD0904907;2606
PRD0900727;2607
PRD0904438;2608
PRD0900606;2609
PRD0900541;2610
PRD0902780;2611
PRD0900178;2612
PRD0903781;2613
PRD0902096;2614
PRD0903467;2615
PRD0904215;2616
PRD0903384;2617
PRD0902575;2618
PRD0903014;2619
PRD0904934;2620
PRD0900570;2621
PRD0902190;2622
PRD0902878;2623
PRD0903131;2624
PRD0903889;2625
PRD0902546;2626
PRD0902974;2627
PRD0902511;2628
PRD0903149;2629
PRD0904435;2630
PRD0902841;2631
PRD0902280;2632
PRD0902330;2633
PRD0902821;2634
PRD0903394;2635
PRD0904640;2636
PRD0900422;2637
PRD0900621;2638
PRD0901822;2639
PRD0902631;2640
PRD0904879;2641
PRD0902055;2642
PRD0903177;2643
PRD0904658;2644
PRD0900320;2645
PRD0902108;2646
PRD0900655;2647
PRD0904443;2648
PRD0903075;2649
PRD0901370;2650
PRD0904585;2651
PRD0904649;2652
PRD0904388;2653
PRD0901637;2654
PRD0902143;2655
PRD0903772;2656
PRD0902309;2657
PRD0903671;2658
PRD0903159;2659
PRD0903419;2660
PRD0902063;2661
PRD0903823;2662
PRD0904931;2663
PRD0904713;2664
PRD0900615;2665
PRD0902034;2666
PRD0902414;2667
PRD0904645;2668
PRD0903178;2669
PRD0902999;2670
PRD0900885;2671
PRD0901072;2672
PRD0902117;2673
PRD0904676;2674
PRD0904009;2675
PRD0904196;2676
PRD0904020;2677
PRD0901899;2678
PRD0901578;2679
PRD0900788;2680
PRD0904664;2681
PRD0904877;2682
PRD0900491;2683
PRD0900973;2684
PRD0901490;2685
PRD0901521;2686
PRD0902952;2687
PRD0903783;2688
PRD0904680;2689
PRD0901308;2690
PRD0902721;2691
PRD0903767;2692
PRD0904074;2693
PRD0904431;2694
PRD0902333;2695
PRD0902321;2696
PRD0902564;2697
PRD0903960;2698
PRD0904027;2699
PRD0904373;2700
PRD0902772;2701
PRD0901410;2702
PRD0902031;2703
PRD0903188;2704
PRD0901403;2705
PRD0903807;2706
PRD0904940;2707
PRD0902516;2708
PRD0900592;2709
PRD0904396;2710
PRD0902681;2711
PRD0900338;2712
PRD0902026;2713
PRD0904758;2714
PRD0901198;2715
PRD0904493;2716
PRD0904804;2717
PRD0900007;2718
PRD0902861;2719
PRD0902070;2720
PRD0902278;2721
PRD0902717;2722
PRD0904666;2723
PRD0903691;2724
PRD0904520;2725
PRD0904076;2726
PRD0904160;2727
PRD0903111;2728
PRD0900737;2729
PRD0902237;2730
PRD0901404;2731
PRD0903606;2732
PRD0903232;2733
PRD0904872;2734
PRD0904719;2735
PRD0902836;2736
PRD0904548;2737
PRD0903964;2738
PRD0903422;2739
PRD0901237;2740
PRD0900849;2741
PRD0901087;2742
PRD0902446;2743
PRD0902562;2744
PRD0904015;2745
PRD0902101;2746
PRD0901988;2747
PRD0901092;2748
PRD0901443;2749
PRD0902522;2750
PRD0901138;2751
PRD0902166;2752
PRD0901257;2753
PRD0901556;2754
PRD0901413;2755
PRD0902747;2756
PRD0903971;2757
PRD0900860;2758
PRD0904401;2759
PRD0901812;2760
PRD0902141;2761
PRD0903066;2762
PRD0903614;2763
PRD0901518;2764
PRD0900930;2765
PRD0901797;2766
PRD0904422;2767
PRD0903208;2768
PRD0903340;2769
PRD0900113;2770
PRD0903335;2771
PRD0904588;2772
PRD0904073;2773
PRD0904870;2774
PRD0903659;2775
PRD0903829;2776
PRD0901598;2777
PRD0901334;2778
PRD0904293;2779
PRD0904479;2780
PRD0904848;2781
PRD0900295;2782
PRD0903647;2783
PRD0904028;2784
PRD0900236;2785
PRD0903548;2786
PRD0900955;2787
PRD0902248;2788
PRD0903478;2789
PRD0900506;2790
PRD0903999;2791
PRD0900055;2792
PRD0901862;2793
PRD0902911;2794
PRD0904795;2795
PRD0903455;2796
PRD0903844;2797
PRD0900687;2798
PRD0901305;2799
PRD0902488;2800
PRD0904165;2801
PRD0903035;2802
PRD0900416;2803
PRD0901324;2804
PRD0902805;2805
PRD0901687;2806
PRD0900315;2807
PRD0904465;2808
PRD0903625;2809
PRD0903547;2810
PRD0900658;2811
PRD0904617;2812
PRD0902221;2813
PRD0901669;2814
PRD0902059;2815
PRD0902435;2816
PRD0900498;2817
PRD0900010;2818
PRD0902206;2819
PRD0903316;2820
PRD0900017;2821
PRD0901537;2822
PRD0903034;2823
PRD0900674;2824
PRD0902168;2825
PRD0902615;2826
PRD0900846;2827
PRD0900358;2828
PRD0902303;2829
PRD0904384;2830
PRD0904130;2831
PRD0901492;2832
PRD0904417;2833
PRD0903495;2834
PRD0902001;2835
PRD0902126;2836
PRD0903486;2837
PRD0904850;2838
PRD0900227;2839
PRD0903251;2840
PRD0902939;2841
PRD0900243;2842
PRD0904852;2843
PRD0902412;2844
PRD0900339;2845
PRD0901754;2846
PRD0900153;2847
PRD0901567;2848
PRD0903629;2849
PRD0901102;2850
PRD0901206;2851
PRD0901340;2852
PRD0901558;2853
PRD0902204;2854
PRD0902342;2855
PRD0903901;2856
PRD0904380;2857
PRD0904587;2858
PRD0904591;2859
PRD0904891;2860
PRD0904967;2861
PRD0902794;2862
PRD0900993;2863
PRD0900503;2864
PRD0903593;2865
PRD0904853;2866
PRD0900434;2867
PRD0900869;2868
PRD0901560;2869
PRD0904316;2870
PRD0901207;2871
PRD0900408;2872
PRD0902839;2873
PRD0902795;2874
PRD0901204;2875
PRD0904648;2876
PRD0902953;2877
PRD0904534;2878
PRD0901143;2879
PRD0900460;2880
PRD0903259;2881
PRD0902617;2882
PRD0902403;2883
PRD0903496;2884
PRD0901474;2885
PRD0902754;2886
PRD0904310;2887
PRD0900409;2888
PRD0901792;2889
PRD0904677;2890
PRD0900638;2891
PRD0901576;2892
PRD0901717;2893
PRD0903197;2894
PRD0903707;2895
PRD0904039;2896
PRD0900286;2897
PRD0902082;2898
PRD0903352;2899
PRD0904389;2900
PRD0900297;2901
PRD0901402;2902
PRD0901118;2903
PRD0901311;2904
PRD0904899;2905
PRD0904218;2906
PRD0901417;2907
PRD0900839;2908
PRD0901251;2909
PRD0902051;2910
PRD0901025;2911
PRD0901953;2912
PRD0900486;2913
PRD0900797;2914
PRD0903217;2915
PRD0903714;2916
PRD0900526;2917
PRD0901221;2918
PRD0902997;2919
PRD0904986;2920
PRD0901551;2921
PRD0902848;2922
PRD0901824;2923
PRD0900543;2924
PRD0904284;2925
PRD0904182;2926
PRD0900425;2927
PRD0903527;2928
PRD0902514;2929
PRD0900554;2930
PRD0900304;2931
PRD0900025;2932
PRD0900125;2933
PRD0903476;2934
PRD0904150;2935
PRD0904725;2936
PRD0901692;2937
PRD0904263;2938
PRD0902607;2939
PRD0900765;2940
PRD0903730;2941
PRD0902837;2942
PRD0904233;2943
PRD0900855;2944
PRD0904952;2945
PRD0901989;2946
PRD0900628;2947
PRD0900731;2948
PRD0902579;2949
PRD0903359;2950
PRD0900427;2951
PRD0902988;2952
PRD0902826;2953
PRD0902415;2954
PRD0903642;2955
PRD0904267;2956
PRD0904558;2957
PRD0903631;2958
PRD0904859;2959
PRD0903037;2960
PRD0903436;2961
PRD0901649;2962
PRD0903076;2963
PRD0904139;2964
PRD0903398;2965
PRD0900610;2966
PRD0904650;2967
PRD0900958;2968
PRD0902372;2969
PRD0901004;2970
PRD0901530;2971
PRD0904086;2972
PRD0901958;2973
PRD0903737;2974
PRD0904500;2975
PRD0900781;2976
PRD0903367;2977
PRD0900318;2978
PRD0900900;2979
PRD0904060;2980
PRD0900617;2981
PRD0900492;2982
PRD0901299;2983
PRD0900538;2984
PRD0903602;2985
PRD0903802;2986
PRD0901240;2987
PRD0902825;2988
PRD0904315;2989
PRD0903949;2990
PRD0900717;2991
PRD0900743;2992
PRD0900545;2993
PRD0903055;2994
PRD0901099;2995
PRD0902600;2996
PRD0904229;2997
PRD0901836;2998
PRD0904656;2999
PRD0900524;3000
PRD0901723;3001
PRD0900185;3002
PRD0904301;3003
PRD0903579;3004
PRD0903942;3005
PRD0904205;3006
PRD0904673;3007
PRD0902150;3008
PRD0902737;3009
PRD0902376;3010
PRD0903480;3011
PRD0904427;3012
PRD0901058;3013
PRD0901360;3014
PRD0901440;3015
PRD0903903;3016
PRD0900367;3017
PRD0900084;3018
PRD0900044;3019
PRD0902090;3020
PRD0902258;3021
PRD0900619;3022
PRD0904699;3023
PRD0903089;3024
PRD0903965;3025
PRD0904030;3026
PRD0903899;3027
PRD0900644;3028
PRD0903510;3029
PRD0901591;3030
PRD0904570;3031
PRD0904895;3032
PRD0900335;3033
PRD0900490;3034
PRD0904320;3035
PRD0902275;3036
PRD0904452;3037
PRD0900624;3038
PRD0901542;3039
PRD0902530;3040
PRD0902341;3041
PRD0902440;3042
PRD0902284;3043
PRD0901470;3044
PRD0903968;3045
PRD0900581;3046
PRD0901835;3047
PRD0900577;3048
PRD0900862;3049
PRD0903146;3050
PRD0903970;3051
PRD0904207;3052
PRD0900224;3053
PRD0903833;3054
PRD0904983;3055
PRD0900919;3056
PRD0904484;3057
PRD0901034;3058
PRD0904619;3059
PRD0901432;3060
PRD0902513;3061
PRD0902834;3062
PRD0902896;3063
PRD0904359;3064
PRD0901626;3065
PRD0902065;3066
PRD0904696;3067
PRD0904141;3068
PRD0902224;3069
PRD0904541;3070
PRD0904219;3071
PRD0904503;3072
PRD0902105;3073
PRD0902875;3074
PRD0904772;3075
PRD0900747;3076
PRD0904778;3077
PRD0902680;3078
PRD0902432;3079
PRD0901788;3080
PRD0900744;3081
PRD0901289;3082
PRD0902881;3083
PRD0903153;3084
PRD0903039;3085
PRD0901743;3086
PRD0902171;3087
PRD0902492;3088
PRD0902313;3089
PRD0900664;3090
PRD0903535;3091
PRD0901745;3092
PRD0902713;3093
PRD0904459;3094
PRD0900305;3095
PRD0902146;3096
PRD0904460;3097
PRD0900915;3098
PRD0903929;3099
PRD0904270;3100
PRD0900160;3101
PRD0904033;3102
PRD0903224;3103
PRD0904949;3104
PRD0900981;3105
PRD0902863;3106
PRD0904251;3107
PRD0900881;3108
PRD0901197;3109
PRD0900424;3110
PRD0900563;3111
PRD0904399;3112
PRD0901080;3113
PRD0901930;3114
PRD0901942;3115
PRD0904382;3116
PRD0904081;3117
PRD0900927;3118
PRD0901282;3119
PRD0902814;3120
PRD0901632;3121
PRD0901764;3122
PRD0902654;3123
PRD0901858;3124
PRD0904322;3125
PRD0904814;3126
PRD0903905;3127
PRD0901908;3128
PRD0902234;3129
PRD0903468;3130
PRD0904282;3131
PRD0901227;3132
PRD0901568;3133
PRD0901677;3134
PRD0902311;3135
PRD0902380;3136
PRD0904810;3137
PRD0901243;3138
PRD0900976;3139
PRD0901074;3140
PRD0901139;3141
PRD0901532;3142
PRD0902272;3143
PRD0904226;3144
PRD0902764;3145
PRD0901056;3146
PRD0903531;3147
PRD0901269;3148
PRD0900929;3149
PRD0903009;3150
PRD0903502;3151
PRD0904630;3152
PRD0903951;3153
PRD0903446;3154
PRD0901554;3155
PRD0902535;3156
PRD0902976;3157
PRD0903729;3158
PRD0904127;3159
PRD0900060;3160
PRD0904011;3161
PRD0900965;3162
PRD0903248;3163
PRD0900953;3164
PRD0900021;3165
PRD0901465;3166
PRD0902481;3167
PRD0904213;3168
PRD0904177;3169
PRD0904926;3170
PRD0900071;3171
PRD0901297;3172
PRD0901354;3173
PRD0901599;3174
PRD0904538;3175
PRD0903018;3176
PRD0903662;3177
PRD0901339;3178
PRD0903609;3179
PRD0903610;3180
PRD0903129;3181
PRD0904897;3182
PRD0904501;3183
PRD0902299;3184
PRD0901455;3185
PRD0900164;3186
PRD0900343;3187
PRD0900762;3188
PRD0902802;3189
PRD0903383;3190
PRD0904217;3191
PRD0904350;3192
PRD0900551;3193
PRD0902179;3194
PRD0902136;3195
PRD0903613;3196
PRD0901097;3197
PRD0904482;3198
PRD0904687;3199
PRD0903978;3200
PRD0900326;3201
PRD0902298;3202
PRD0900439;3203
PRD0900473;3204
PRD0901263;3205
PRD0901593;3206
PRD0900512;3207
PRD0904539;3208
PRD0903886;3209
PRD0902209;3210
PRD0903063;3211
PRD0903239;3212
PRD0900180;3213
PRD0903930;3214
PRD0900887;3215
PRD0903902;3216
PRD0901507;3217
PRD0903893;3218
PRD0904034;3219
PRD0904468;3220
PRD0900085;3221
PRD0901897;3222
PRD0903874;3223
PRD0900328;3224
PRD0901018;3225
PRD0903185;3226
PRD0901503;3227
PRD0900732;3228
PRD0902241;3229
PRD0900890;3230
PRD0902877;3231
PRD0902273;3232
PRD0901702;3233
PRD0902050;3234
PRD0903311;3235
PRD0904054;3236
PRD0903801;3237
PRD0904842;3238
PRD0904175;3239
PRD0904902;3240
PRD0900130;3241
PRD0900002;3242
PRD0904291;3243
PRD0900349;3244
PRD0902816;3245
PRD0902157;3246
PRD0904626;3247
PRD0900735;3248
PRD0904764;3249
PRD0902669;3250
PRD0903038;3251
PRD0902498;3252
PRD0904064;3253
PRD0900767;3254
PRD0903950;3255
PRD0900999;3256
PRD0904403;3257
PRD0901012;3258
PRD0903700;3259
PRD0904939;3260
PRD0903400;3261
PRD0903264;3262
PRD0904889;3263
PRD0901193;3264
PRD0904102;3265
PRD0904730;3266
PRD0903710;3267
PRD0904577;3268
PRD0904412;3269
PRD0901121;3270
PRD0904603;3271
PRD0903635;3272
PRD0903064;3273
PRD0900403;3274
PRD0903306;3275
PRD0903881;3276
PRD0901855;3277
PRD0902518;3278
PRD0902494;3279
PRD0903086;3280
PRD0901456;3281
PRD0904190;3282
PRD0900381;3283
PRD0901169;3284
PRD0904486;3285
PRD0904708;3286
PRD0902350;3287
PRD0901046;3288
PRD0903741;3289
PRD0901978;3290
PRD0901021;3291
PRD0904159;3292
PRD0903249;3293
PRD0900442;3294
PRD0900033;3295
PRD0900893;3296
PRD0904718;3297
PRD0903276;3298
PRD0903179;3299
PRD0902693;3300
PRD0902061;3301
PRD0903699;3302
PRD0902434;3303
PRD0902240;3304
PRD0900668;3305
PRD0900209;3306
PRD0900127;3307
PRD0903936;3308
PRD0900170;3309
PRD0904277;3310
PRD0900825;3311
PRD0904553;3312
PRD0900123;3313
PRD0904618;3314
PRD0902463;3315
PRD0903863;3316
PRD0900144;3317
PRD0903718;3318
PRD0904516;3319
PRD0900182;3320
PRD0900805;3321
PRD0901986;3322
PRD0900259;3323
PRD0900179;3324
PRD0904892;3325
PRD0900937;3326
PRD0902520;3327
PRD0900108;3328
PRD0900261;3329
PRD0900595;3330
PRD0902668;3331
PRD0900720;3332
PRD0904529;3333
PRD0904692;3334
PRD0903536;3335
PRD0901808;3336
PRD0902003;3337
PRD0902416;3338
PRD0901482;3339
PRD0904198;3340
PRD0900699;3341
PRD0901665;3342
PRD0903464;3343
PRD0904242;3344
PRD0903995;3345
PRD0901274;3346
PRD0904351;3347
PRD0902253;3348
PRD0902323;3349
PRD0903983;3350
PRD0904056;3351
PRD0901865;3352
PRD0902306;3353
PRD0903278;3354
PRD0902402;3355
PRD0901179;3356
PRD0901539;3357
PRD0904224;3358
PRD0904544;3359
PRD0903355;3360
PRD0904756;3361
PRD0903296;3362
PRD0901691;3363
PRD0902684;3364
PRD0902798;3365
PRD0904115;3366
PRD0903624;3367
PRD0901750;3368
PRD0900903;3369
PRD0904365;3370
PRD0904442;3371
PRD0904643;3372
PRD0902366;3373
PRD0900823;3374
PRD0900858;3375
PRD0901803;3376
PRD0902886;3377
PRD0900828;3378
PRD0904865;3379
PRD0904903;3380
PRD0901734;3381
PRD0901540;3382
PRD0903663;3383
PRD0902485;3384
PRD0900368;3385
PRD0903914;3386
PRD0904802;3387
PRD0902722;3388
PRD0903435;3389
PRD0903120;3390
PRD0902993;3391
PRD0900921;3392
PRD0901195;3393
PRD0901002;3394
PRD0901043;3395
PRD0901477;3396
PRD0900702;3397
PRD0904112;3398
PRD0900527;3399
PRD0901785;3400
PRD0903442;3401
PRD0902444;3402
PRD0902474;3403
PRD0902058;3404
PRD0901912;3405
PRD0902460;3406
PRD0904752;3407
PRD0903263;3408
PRD0900814;3409
PRD0901104;3410
PRD0903172;3411
PRD0903397;3412
PRD0904675;3413
PRD0903372;3414
PRD0901634;3415
PRD0900036;3416
PRD0903465;3417
PRD0904827;3418
PRD0900689;3419
PRD0901658;3420
PRD0900353;3421
PRD0901645;3422
PRD0902533;3423
PRD0902547;3424
PRD0903470;3425
PRD0901903;3426
PRD0903121;3427
PRD0904176;3428
PRD0904705;3429
PRD0904071;3430
PRD0903748;3431
PRD0904271;3432
PRD0900029;3433
PRD0902871;3434
PRD0903225;3435
PRD0900651;3436
PRD0903302;3437
PRD0902506;3438
PRD0902302;3439
PRD0903826;3440
PRD0901247;3441
PRD0900124;3442
PRD0902295;3443
PRD0901127;3444
PRD0904070;3445
PRD0902611;3446
PRD0900069;3447
PRD0904432;3448
PRD0901110;3449
PRD0903175;3450
PRD0900325;3451
PRD0902153;3452
PRD0902045;3453
PRD0902364;3454
PRD0901856;3455
PRD0903855;3456
PRD0904166;3457
PRD0904173;3458
PRD0904227;3459
PRD0904744;3460
PRD0902047;3461
PRD0901681;3462
PRD0902927;3463
PRD0902521;3464
PRD0902476;3465
PRD0901928;3466
PRD0900904;3467
PRD0903079;3468
PRD0900811;3469
PRD0900165;3470
PRD0902869;3471
PRD0900004;3472
PRD0902176;3473
PRD0901755;3474
PRD0900896;3475
PRD0900319;3476
PRD0900429;3477
PRD0901968;3478
PRD0903105;3479
PRD0901715;3480
PRD0902524;3481
PRD0904197;3482
PRD0903831;3483
PRD0903375;3484
PRD0904662;3485
PRD0904402;3486
PRD0902456;3487
PRD0903235;3488
PRD0901459;3489
PRD0900723;3490
PRD0904946;3491
PRD0900205;3492
PRD0904549;3493
PRD0904605;3494
PRD0900640;3495
PRD0902778;3496
PRD0901905;3497
PRD0903636;3498
PRD0904201;3499
PRD0901246;3500
PRD0902079;3501
PRD0901252;3502
PRD0903604;3503
PRD0904800;3504
PRD0901106;3505
PRD0901552;3506
PRD0903738;3507
PRD0901016;3508
PRD0901310;3509
PRD0902182;3510
PRD0904709;3511
PRD0900322;3512
PRD0900056;3513
PRD0903872;3514
PRD0900092;3515
PRD0902548;3516
PRD0904228;3517
PRD0900101;3518
PRD0904065;3519
PRD0900630;3520
PRD0902859;3521
PRD0903580;3522
PRD0902770;3523
PRD0904985;3524
PRD0900437;3525
PRD0900018;3526
PRD0902755;3527
PRD0904122;3528
PRD0903976;3529
PRD0900378;3530
PRD0904991;3531
PRD0902076;3532
PRD0904627;3533
PRD0900448;3534
PRD0902745;3535
PRD0902785;3536
PRD0903897;3537
PRD0900975;3538
PRD0901770;3539
PRD0902665;3540
PRD0900183;3541
PRD0900230;3542
PRD0903842;3543
PRD0902274;3544
PRD0902639;3545
PRD0903792;3546
PRD0901869;3547
PRD0903692;3548
PRD0901125;3549
PRD0902847;3550
PRD0901964;3551
PRD0902332;3552
PRD0904964;3553
PRD0902580;3554
PRD0901842;3555
PRD0903576;3556
PRD0903758;3557
PRD0904464;3558
PRD0901396;3559
PRD0904235;3560
PRD0904565;3561
PRD0902362;3562
PRD0902316;3563
PRD0902866;3564
PRD0904274;3565
PRD0901678;3566
PRD0902127;3567
PRD0901249;3568
PRD0902154;3569
PRD0902758;3570
PRD0904584;3571
PRD0902021;3572
PRD0901523;3573
PRD0903973;3574
PRD0904707;3575
PRD0900682;3576
PRD0903294;3577
PRD0904239;3578
PRD0903280;3579
PRD0903870;3580
PRD0903911;3581
PRD0904132;3582
PRD0900231;3583
PRD0900905;3584
PRD0901913;3585
PRD0901700;3586
PRD0902774;3587
PRD0902419;3588
PRD0900470;3589
PRD0903207;3590
PRD0901336;3591
PRD0902245;3592
PRD0904446;3593
PRD0901800;3594
PRD0900361;3595
PRD0902557;3596
PRD0901972;3597
PRD0901659;3598
PRD0903554;3599
PRD0902914;3600
PRD0904188;3601
PRD0900030;3602
PRD0902991;3603
PRD0900634;3604
PRD0903725;3605
PRD0903581;3606
PRD0903824;3607
PRD0901484;3608
PRD0900488;3609
PRD0903262;3610
PRD0904161;3611
PRD0900293;3612
PRD0901481;3613
PRD0900641;3614
PRD0904714;3615
PRD0901290;3616
PRD0900599;3617
PRD0902470;3618
PRD0903244;3619
PRD0901210;3620
PRD0904010;3621
PRD0902624;3622
PRD0903454;3623
PRD0902858;3624
PRD0904067;3625
PRD0900559;3626
PRD0904225;3627
PRD0903500;3628
PRD0903459;3629
PRD0904353;3630
PRD0902094;3631
PRD0900459;3632
PRD0903583;3633
PRD0904040;3634
PRD0902712;3635
PRD0900405;3636
PRD0900995;3637
PRD0900222;3638
PRD0901738;3639
PRD0904914;3640
PRD0901631;3641
PRD0903084;3642
PRD0900410;3643
PRD0901272;3644
PRD0902577;3645
PRD0904168;3646
PRD0904450;3647
PRD0902401;3648
PRD0904910;3649
PRD0902385;3650
PRD0901051;3651
PRD0903433;3652
PRD0904354;3653
PRD0901487;3654
PRD0904018;3655
PRD0901781;3656
PRD0900785;3657
PRD0903072;3658
PRD0902931;3659
PRD0902450;3660
PRD0903879;3661
PRD0904331;3662
PRD0901732;3663
PRD0901950;3664
PRD0903020;3665
PRD0901605;3666
PRD0901385;3667
PRD0901939;3668
PRD0904728;3669
PRD0900707;3670
PRD0902651;3671
PRD0903509;3672
PRD0904641;3673
PRD0901142;3674
PRD0904546;3675
PRD0901894;3676
PRD0904839;3677
PRD0901001;3678
PRD0900627;3679
PRD0903674;3680
PRD0901332;3681
PRD0900556;3682
PRD0902652;3683
PRD0904119;3684
PRD0902815;3685
PRD0904352;3686
PRD0903566;3687
PRD0903507;3688
PRD0904041;3689
PRD0901951;3690
PRD0902720;3691
PRD0903820;3692
PRD0902238;3693
PRD0901223;3694
PRD0901215;3695
PRD0902592;3696
PRD0902229;3697
PRD0902995;3698
PRD0901235;3699
PRD0902445;3700
PRD0901780;3701
PRD0902545;3702
PRD0900287;3703
PRD0901268;3704
PRD0903023;3705
PRD0902022;3706
PRD0903594;3707
PRD0902634;3708
PRD0902894;3709
PRD0901476;3710
PRD0900719;3711
PRD0901461;3712
PRD0900596;3713
PRD0902325;3714
PRD0900172;3715
PRD0903083;3716
PRD0900274;3717
PRD0903661;3718
PRD0904125;3719
PRD0901795;3720
PRD0900645;3721
PRD0901209;3722
PRD0901391;3723
PRD0901054;3724
PRD0903142;3725
PRD0900525;3726
PRD0904392;3727
PRD0903117;3728
PRD0900553;3729
PRD0904328;3730
PRD0902612;3731
PRD0903193;3732
PRD0901708;3733
PRD0903578;3734
PRD0902227;3735
PRD0902023;3736
PRD0903332;3737
PRD0900103;3738
PRD0902622;3739
PRD0901628;3740
PRD0902261;3741
PRD0901298;3742
PRD0900854;3743
PRD0902436;3744
PRD0900269;3745
PRD0901536;3746
PRD0903267;3747
PRD0904385;3748
PRD0902338;3749
PRD0902367;3750
PRD0900509;3751
PRD0900740;3752
PRD0901843;3753
PRD0903701;3754
PRD0900064;3755
PRD0902048;3756
PRD0903242;3757
PRD0904306;3758
PRD0901323;3759
PRD0903213;3760
PRD0903386;3761
PRD0900116;3762
PRD0900309;3763
PRD0900148;3764
PRD0901693;3765
PRD0900421;3766
PRD0902461;3767
PRD0901601;3768
PRD0901615;3769
PRD0902006;3770
PRD0903646;3771
PRD0902353;3772
PRD0904594;3773
PRD0902441;3774
PRD0903025;3775
PRD0903216;3776
PRD0900501;3777
PRD0900979;3778
PRD0901318;3779
PRD0900062;3780
PRD0903339;3781
PRD0900350;3782
PRD0901284;3783
PRD0903633;3784
PRD0904309;3785
PRD0900089;3786
PRD0903570;3787
PRD0903797;3788
PRD0900812;3789
PRD0902784;3790
PRD0901409;3791
PRD0902940;3792
PRD0901859;3793
PRD0903539;3794
PRD0900176;3795
PRD0900114;3796
PRD0900663;3797
PRD0903413;3798
PRD0903990;3799
PRD0900112;3800
PRD0904590;3801
PRD0902807;3802
PRD0901695;3803
PRD0902766;3804
PRD0903747;3805
PRD0903749;3806
PRD0904084;3807
PRD0900313;3808
PRD0904356;3809
PRD0904727;3810
PRD0901765;3811
PRD0904831;3812
PRD0903702;3813
PRD0900272;3814
PRD0903932;3815
PRD0904253;3816
PRD0904513;3817
PRD0902160;3818
PRD0901437;3819
PRD0902175;3820
PRD0900412;3821
PRD0904932;3822
PRD0901806;3823
PRD0902062;3824
PRD0903622;3825
PRD0901852;3826
PRD0903482;3827
PRD0901108;3828
PRD0902413;3829
PRD0901818;3830
PRD0902128;3831
PRD0900386;3832
PRD0903380;3833
PRD0903921;3834
PRD0903532;3835
PRD0903004;3836
PRD0901629;3837
PRD0902849;3838
PRD0900117;3839
PRD0900659;3840
PRD0904116;3841
PRD0900575;3842
PRD0902391;3843
PRD0903405;3844
PRD0902985;3845
PRD0904843;3846
PRD0900094;3847
PRD0901358;3848
PRD0902493;3849
PRD0902343;3850
PRD0900530;3851
PRD0902164;3852
PRD0902756;3853
PRD0902947;3854
PRD0904089;3855
PRD0901158;3856
PRD0902918;3857
PRD0903254;3858
PRD0902483;3859
PRD0902340;3860
PRD0902853;3861
PRD0900479;3862
PRD0904406;3863
PRD0904526;3864
PRD0901854;3865
PRD0900514;3866
PRD0904818;3867
PRD0902009;3868
PRD0902329;3869
PRD0900790;3870
PRD0900443;3871
